title,release_year,rating,duration
Dear White People,2021,TV-MA,4 Seasons
He-Man and the Masters of the Universe,2021,TV-Y7,1 Season
Nailed It,2021,TV-PG,6 Seasons
Saved by the Bell,1994,TV-PG,9 Seasons
Lucifer,2021,TV-14,6 Seasons
The Circle,2021,TV-MA,3 Seasons
Kid Cosmic,2021,TV-Y7,2 Seasons
On the Verge,2021,TV-MA,1 Season
Bunk'd,2021,TV-G,5 Seasons
Sharkdog,2021,TV-Y,1 Season
Q-Force,2021,TV-MA,1 Season
Major Dad,1992,TV-PG,4 Seasons
Sparking Joy,2021,TV-PG,1 Season
Family Reunion,2021,TV-PG,4 Seasons
Wheel of Fortune,2019,TV-G,3 Seasons
Manifest,2021,TV-14,3 Seasons
Go! Go! Cory Carson,2021,TV-Y,5 Seasons
Mother Goose Club,2016,TV-Y,2 Seasons
Brand New Cherry Flavor,2021,TV-MA,1 Season
Fast & Furious Spy Racers,2021,TV-Y7,5 Seasons
Grace and Frankie,2021,TV-MA,7 Seasons
Bake Squad,2021,TV-PG,1 Season
Gabby's Dollhouse,2021,TV-Y,2 Seasons
Hit & Run,2021,TV-MA,1 Season
Cocaine Cowboys: The Kings of Miami,2021,TV-MA,1 Season
Cooking With Paris,2021,TV-MA,1 Season
30 Rock,2012,TV-14,7 Seasons
Charmed,2021,TV-14,3 Seasons
Outer Banks,2021,TV-MA,2 Seasons
The Flash,2021,TV-14,7 Seasons
All American,2021,TV-14,3 Seasons
Mighty Express,2021,TV-Y,4 Seasons
The Walking Dead,2019,TV-MA,10 Seasons
Wynonna Earp,2020,TV-MA,4 Seasons
The Movies That Made Us,2021,TV-MA,2 Seasons
Chicago Med,2019,TV-14,5 Seasons
Explained,2021,TV-MA,3 Seasons
Johnny Test,2021,TV-Y7,1 Season
Never Have I Ever,2021,TV-14,2 Seasons
Ridley Jones,2021,TV-Y,1 Season
Atypical,2021,TV-14,4 Seasons
Virgin River,2021,TV-14,3 Seasons
RESIDENT EVIL: Infinite Darkness,2021,TV-MA,1 Season
Dogs,2021,TV-PG,2 Seasons
Ask the StoryBots,2019,TV-Y,3 Seasons
Chelsea,2017,TV-MA,2 Seasons
Colony,2018,TV-14,3 Seasons
I Think You Should Leave with Tim Robinson,2021,TV-MA,2 Seasons
My Little Pony: Friendship Is Magic,2018,TV-Y,8 Seasons
Orange Is the New Black,2019,TV-MA,7 Seasons
Puffin Rock,2016,TV-Y,2 Seasons
Richie Rich,2015,TV-G,2 Seasons
Scream,2019,TV-MA,3 Seasons
We the People,2021,TV-Y7,1 Season
Grey's Anatomy,2020,TV-14,17 Seasons
Rainbow Rangers,2018,TV-Y,1 Season
Droppin' Cash: Los Angeles,2019,TV-MA,1 Season
StarBeam,2021,TV-Y,4 Seasons
Sex/Life,2021,TV-MA,1 Season
Too Hot to Handle,2021,TV-MA,2 Seasons
The Mole,2001,TV-14,2 Seasons
Black Lightning,2021,TV-14,4 Seasons
Champions,2018,TV-14,1 Season
Glee,2015,TV-14,6 Seasons
Hap and Leonard,2018,TV-MA,3 Seasons
Pose,2019,TV-MA,2 Seasons
Riverdale,2019,TV-14,4 Seasons
Schitt's Creek,2020,TV-MA,6 Seasons
The Assassination of Gianni Versace,2018,TV-MA,1 Season
The Last Dance,2020,TV-MA,1 Season
Black Summer,2021,TV-MA,2 Seasons
Avengers Climate Conundrum,2020,TV-Y7,1 Season
Power Rangers Dino Fury,2021,TV-G,1 Season
The American Bible Challenge,2014,TV-G,1 Season
Metallica: Some Kind of Monster,2014,TV-MA,1 Season
Lupin,2021,TV-MA,2 Seasons
"Fresh, Fried & Crispy",2021,TV-PG,1 Season
L.A.’s Finest,2021,TV-MA,2 Seasons
Sweet Tooth,2021,TV-14,1 Season
Cocomelon,2021,TV-Y,3 Seasons
Happy Endings,2012,TV-14,3 Seasons
The Adventures of Sonic the Hedgehog,1993,TV-Y7,1 Season
Dirty John,2020,TV-MA,2 Seasons
The Kominsky Method,2021,TV-MA,3 Seasons
Master of None,2021,TV-MA,3 Seasons
Jurassic World Camp Cretaceous,2021,TV-Y7,3 Seasons
Special,2021,TV-MA,2 Seasons
The Magic School Bus,1997,TV-Y,1 Season
Halston,2021,TV-MA,1 Season
Haunted,2021,TV-MA,3 Seasons
"Love, Death & Robots",2021,TV-MA,2 Seasons
Castlevania,2021,TV-MA,4 Seasons
The Upshaws,2021,TV-14,1 Season
"Money, Explained",2021,TV-14,1 Season
Jupiter's Legacy,2021,TV-MA,1 Season
The Sons of Sam: A Descent into Darkness,2021,TV-MA,1 Season
Selena: The Series,2020,TV-PG,2 Seasons
StartUp,2018,TV-MA,3 Seasons
Shadow and Bone,2021,TV-14,1 Season
Garth Brooks: The Road I’m On,2019,TV-PG,1 Season
Gilmore Girls,2006,TV-14,7 Seasons
Next in Fashion,2020,TV-14,1 Season
Power Players,2020,TV-Y,3 Seasons
Dad Stop Embarrassing Me!,2021,TV-14,1 Season
House of Cards,2018,TV-MA,6 Seasons
Indian Matchmaking,2020,TV-14,1 Season
Jeffrey Epstein: Filthy Rich,2020,TV-MA,1 Season
Living with Yourself,2019,TV-MA,1 Season
Unnatural Selection,2019,TV-MA,1 Season
My Love: Six Stories of True Love,2021,TV-PG,1 Season
The Baker and the Beauty,2020,TV-PG,1 Season
"Nicky, Ricky, Dicky & Dawn",2018,TV-G,4 Seasons
Prank Encounters,2021,TV-MA,2 Seasons
Worn Stories,2021,TV-MA,1 Season
Haunted: Latin America,2021,TV-14,1 Season
Rainbow High,2020,TV-Y,1 Season
Big Time Rush,2013,TV-G,4 Seasons
DOTA: Dragon's Blood,2021,TV-MA,1 Season
Mighty Morphin Power Rangers,2010,TV-Y7,4 Seasons
Country Comfort,2021,TV-PG,1 Season
Waffles + Mochi,2021,TV-Y,1 Season
The Lost Pirate Kingdom,2021,TV-MA,1 Season
Paradise PD,2021,TV-MA,3 Seasons
City of Ghosts,2021,TV-Y7,1 Season
Pacific Rim: The Black,2021,TV-14,1 Season
Murder Among the Mormons,2021,TV-14,1 Season
Word Party,2021,TV-Y,5 Seasons
El final del paraíso,2019,TV-MA,1 Season
Sin senos sí hay paraíso,2018,TV-MA,3 Seasons
Age of Samurai: Battle for Japan,2021,TV-MA,1 Season
Canine Intervention,2021,TV-PG,1 Season
Ginny & Georgia,2021,TV-14,1 Season
Two Sentence Horror Stories,2021,TV-14,2 Seasons
Amend: The Fight for America,2021,TV-MA,1 Season
MeatEater,2021,TV-14,4 Seasons
Good Girls,2020,TV-MA,3 Seasons
The Crew,2021,TV-14,1 Season
Buried by the Bernards,2021,TV-14,1 Season
Chappelle's Show,2005,TV-MA,2 Seasons
Crime Scene: The Vanishing at the Cecil Hotel,2021,TV-MA,1 Season
Five Came Back: The Reference Films,1945,TV-MA,1 Season
ICarly,2008,TV-G,2 Seasons
The Sinner,2020,TV-MA,3 Seasons
Firefly Lane,2021,TV-MA,1 Season
Power Rangers Ninja Steel,2018,TV-Y7,2 Seasons
Tiffany Haddish Presents: They Ready,2021,TV-MA,2 Seasons
Love Daily,2018,TV-14,1 Season
My Dead Ex,2018,TV-14,1 Season
The Unsettling,2019,TV-14,1 Season
Total Drama,2015,TV-PG,7 Seasons
Zac and Mia,2019,TV-14,2 Seasons
We Are: The Brooklyn Saints,2021,TV-14,1 Season
BONDING,2021,TV-MA,2 Seasons
Outlander,2018,TV-MA,4 Seasons
Go Dog Go,2021,TV-Y,1 Season
Spycraft,2021,TV-MA,1 Season
Hello Ninja,2021,TV-Y,4 Seasons
Bling Empire,2021,TV-MA,1 Season
Carmen Sandiego,2021,TV-Y7,4 Seasons
Disenchantment,2021,TV-14,3 Seasons
Henry Danger,2016,TV-G,3 Seasons
The Magicians,2020,TV-MA,5 Seasons
Night Stalker: The Hunt for a Serial Killer,2021,TV-MA,1 Season
Pretend It’s a City,2021,TV-14,1 Season
Surviving Death,2021,TV-MA,1 Season
History of Swear Words,2021,TV-MA,1 Season
Nailed It! Mexico,2021,TV-PG,3 Seasons
QB1: Beyond the Lights,2019,TV-14,1 Season
Cobra Kai,2021,TV-14,3 Seasons
Dream Home Makeover,2021,TV-G,2 Seasons
Headspace Guide to Meditation,2021,TV-G,1 Season
Jenni Rivera: Mariposa de Barrio,2017,TV-MA,1 Season
The Cat in the Hat Knows a Lot About That!,2014,TV-Y,1 Season
The Haunted Hathaways,2013,TV-G,2 Seasons
Chilling Adventures of Sabrina,2020,TV-14,4 Seasons
Best Leftovers Ever!,2020,TV-G,1 Season
Dare Me,2019,TV-MA,1 Season
Equinox,2020,TV-MA,1 Season
Bridgerton,2020,TV-MA,1 Season
Rhyme Time Town Singalongs,2020,TV-Y,1 Season
Shaun the Sheep,2016,TV-Y,2 Seasons
Schulz Saves America,2020,TV-MA,1 Season
Marvel Anime: Wolverine,2011,TV-14,1 Season
Black Ink Crew New York,2014,TV-14,2 Seasons
Pup Academy,2020,TV-Y,2 Seasons
Song Exploder,2020,TV-MA,2 Seasons
Teen Mom 2,2011,TV-14,2 Seasons
The Challenge,2006,TV-14,2 Seasons
Hilda,2021,TV-Y7,2 Seasons
Tiny Pretty Things,2020,TV-MA,1 Season
The Big Show Show,2020,TV-G,2 Seasons
The Expanding Universe of Ashley Garcia,2020,TV-PG,3 Seasons
The Surgeon's Cut,2020,TV-14,1 Season
Mr. Iglesias,2020,TV-14,3 Seasons
Big Mouth,2020,TV-MA,4 Seasons
Are You The One,2014,TV-14,2 Seasons
Ink Master,2012,TV-14,2 Seasons
Octonauts,2015,TV-Y,4 Seasons
Stargate SG-1,2006,TV-MA,10 Seasons
The Bachelorette,2010,TV-14,1 Season
The Holiday Movies That Made Us,2020,TV-PG,1 Season
Sugar Rush Christmas,2020,TV-14,2 Seasons
Voices of Fire,2020,TV-PG,1 Season
Holiday Home Makeover with Mr. Christmas,2020,TV-G,1 Season
The Boss Baby: Back in Business,2020,TV-Y7,4 Seasons
We Are the Champions,2020,TV-MA,1 Season
America's Next Top Model,2013,TV-14,2 Seasons
Polly Pocket,2021,TV-Y,2 Seasons
Survivor,2014,TV-14,2 Seasons
The Crown,2020,TV-MA,4 Seasons
American Horror Story,2019,TV-MA,9 Seasons
The Liberator,2020,TV-MA,1 Season
Trial 4,2020,TV-MA,1 Season
A Lion in the House,2006,TV-14,1 Season
DASH & LILY,2020,TV-14,1 Season
Bakugan: Battle Planet,2018,TV-PG,1 Season
Country Ever After,2020,TV-PG,1 Season
60 Days In,2019,TV-MA,1 Season
Dawson's Creek,2002,TV-14,6 Seasons
Forged in Fire,2019,TV-14,1 Season
Leah Remini: Scientology and the Aftermath,2018,TV-14,3 Seasons
LEGO Jurassic World: Legend of Isla Nublar,2019,TV-Y,1 Season
LEGO Jurassic World: Secret Exhibit,2018,TV-Y,1 Season
LEGO Ninjago: Masters of Spinjitzu,2019,TV-Y7,10 Seasons
LEGO: CITY Adventures,2019,TV-Y,1 Season
The Garfield Show,2018,TV-Y,4 Seasons
Marvel's Agents of S.H.I.E.L.D.,2020,TV-14,7 Seasons
Somebody Feed Phil,2020,TV-14,4 Seasons
Blood of Zeus,2020,TV-MA,1 Season
Chico Bon Bon: Monkey with a Tool Belt,2020,TV-Y,4 Seasons
Move,2020,TV-MA,1 Season
The Queen's Gambit,2020,TV-MA,1 Season
My Next Guest Needs No Introduction With David Letterman,2020,TV-MA,3 Seasons
Grand Army,2020,TV-MA,1 Season
The Last Kids on Earth,2020,TV-Y7,3 Seasons
Half & Half,2005,TV-14,4 Seasons
One on One,2006,TV-14,5 Seasons
Power Rangers Beast Morphers,2020,TV-Y7,2 Seasons
Social Distance,2020,TV-MA,1 Season
The Cabin with Bert Kreischer,2020,TV-MA,1 Season
Kipo and the Age of Wonderbeasts,2020,TV-Y7,3 Seasons
Deaf U,2020,TV-MA,1 Season
The Haunting of Bly Manor,2020,TV-MA,1 Season
The 100,2020,TV-MA,7 Seasons
DreamWorks Happy Holidays from Madagascar,2005,TV-PG,1 Season
Emily in Paris,2020,TV-MA,1 Season
Evil,2019,TV-14,1 Season
The Parkers,2003,TV-PG,5 Seasons
The Unicorn,2019,TV-14,1 Season
Man with a Plan,2020,TV-PG,4 Seasons
"Whose Vote Counts, Explained",2020,TV-PG,1 Season
Van Helsing,2019,TV-MA,4 Seasons
The Good Place,2020,TV-14,4 Seasons
Sneakerheads,2020,TV-MA,1 Season
The Chef Show,2020,TV-MA,4 Seasons
The Playbook,2020,TV-MA,1 Season
Ratched,2020,TV-MA,1 Season
The American Barbecue Showdown,2020,TV-G,1 Season
The Blacklist,2019,TV-14,7 Seasons
Challenger,2020,TV-14,1 Season
Sing On!,2020,TV-PG,1 Season
Taco Chronicles,2020,TV-MA,2 Seasons
Girlfriends,2007,TV-14,8 Seasons
Greenleaf,2020,TV-14,5 Seasons
Julie and the Phantoms,2020,TV-G,1 Season
Get Organized with The Home Edit,2020,TV-PG,1 Season
Cleverman,2017,TV-MA,1 Season
Away,2020,TV-14,1 Season
Spirit Riding Free: Riding Academy,2020,TV-Y7,2 Seasons
Chef's Table: BBQ,2020,TV-14,1 Season
Bookmarks,2020,TV-Y,1 Season
Felipe Esparza: Bad Decisions,2020,TV-MA,1 Season
"Sister, Sister",1998,TV-PG,6 Seasons
I AM A KILLER: RELEASED,2020,TV-MA,1 Season
Million Dollar Beach House,2020,TV-MA,1 Season
Emily's Wonder Lab,2020,TV-Y,1 Season
Trinkets,2020,TV-MA,2 Seasons
Hoops,2020,TV-MA,1 Season
DeMarcus Family Rules,2020,TV-14,1 Season
High Score,2020,TV-14,1 Season
Glitch Techs,2020,TV-Y7,2 Seasons
Teenage Bounty Hunters,2020,TV-MA,1 Season
The Legend of Korra,2014,TV-Y7,4 Seasons
(Un)Well,2020,TV-MA,1 Season
GAME ON: A Comedy Crossover Event,2020,TV-G,1 Season
Tiny Creatures,2020,TV-PG,1 Season
Wizards: Tales of Arcadia,2020,TV-Y7,1 Season
Word Party Songs,2020,TV-Y,1 Season
The Rain,2020,TV-MA,3 Seasons
World's Most Wanted,2020,TV-14,1 Season
Immigration Nation,2020,TV-MA,1 Season
Moesha,2000,TV-PG,6 Seasons
Transformers Rescue Bots Academy,2020,TV-Y,2 Seasons
Sugar Rush,2020,TV-PG,3 Seasons
The Umbrella Academy,2020,TV-14,2 Seasons
Transformers: War For Cybertron Trilogy,2020,TV-Y7,1 Season
Last Chance U,2020,TV-MA,5 Seasons
Shameless (U.S.),2019,TV-MA,10 Seasons
Sinatra: All or Nothing at All,2015,TV-14,1 Season
Fear City: New York vs The Mafia,2020,TV-MA,1 Season
In The Dark,2020,TV-14,2 Seasons
Skin Decision: Before and After,2020,TV-MA,1 Season
The Business of Drugs,2020,TV-MA,1 Season
Down to Earth with Zac Efron,2020,TV-PG,1 Season
The Epic Tales of Captain Underpants in Space,2020,TV-Y7,1 Season
Southern Survival,2020,TV-PG,1 Season
The Baby-Sitters Club,2020,TV-G,1 Season
Supermarket Sweep,1993,TV-G,1 Season
Warrior Nun,2020,TV-MA,1 Season
Abby Hatcher,2019,TV-Y,1 Season
Say I Do,2020,TV-14,1 Season
Dark,2020,TV-MA,3 Seasons
Home Game,2020,TV-MA,1 Season
"Roswell, New Mexico",2020,TV-14,2 Seasons
Babies,2020,TV-14,2 Seasons
Floor Is Lava,2020,TV-PG,1 Season
The Politician,2020,TV-MA,2 Seasons
The Order,2020,TV-MA,2 Seasons
The Chase,2015,TV-PG,2 Seasons
Alexa & Katie,2020,TV-G,4 Seasons
How to Get Away with Murder,2020,TV-14,6 Seasons
F is for Family,2020,TV-MA,4 Seasons
The Woods,2020,TV-MA,1 Season
DC's Legends of Tomorrow,2020,TV-14,5 Seasons
Lenox Hill,2020,TV-MA,1 Season
Queen of the South,2018,TV-MA,4 Seasons
13 Reasons Why,2020,TV-MA,4 Seasons
Queer Eye,2020,TV-14,5 Seasons
Supernatural,2019,TV-14,15 Seasons
Space Force,2020,TV-MA,1 Season
Supergirl,2019,TV-14,5 Seasons
Dynasty,2019,TV-14,3 Seasons
Patton Oswalt: I Love Everything,2020,TV-MA,1 Season
Sweet Magnolias,2020,TV-14,1 Season
Patriot Act with Hasan Minhaj,2020,TV-MA,6 Seasons
Avatar: The Last Airbender,2007,TV-Y7,3 Seasons
Madam Secretary,2019,TV-PG,6 Seasons
Magic for Humans,2020,TV-14,3 Seasons
She-Ra and the Princesses of Power,2020,TV-Y7,5 Seasons
Trial By Media,2020,TV-MA,1 Season
Dead to Me,2020,TV-MA,2 Seasons
The Eddy,2020,TV-MA,1 Season
WWII in HD,2009,TV-14,1 Season
Hollywood,2020,TV-MA,1 Season
Reckoning,2019,TV-MA,1 Season
El señor de los Cielos,2019,TV-MA,7 Seasons
Good Witch,2019,TV-PG,5 Seasons
"Coronavirus, Explained",2020,TV-PG,1 Season
Ghost in the Shell: SAC_2045,2020,TV-14,1 Season
Absurd Planet,2020,TV-PG,1 Season
Middleditch & Schwartz,2020,TV-MA,1 Season
Nicky Jam: El Ganador,2018,TV-MA,1 Season
Cooked with Cannabis,2020,TV-MA,1 Season
The Midnight Gospel,2020,TV-MA,1 Season
#blackAF,2020,TV-MA,1 Season
The Innocence Files,2020,TV-MA,1 Season
Brews Brothers,2020,TV-MA,1 Season
Legacies,2019,TV-14,2 Seasons
Community,2015,TV-14,6 Seasons
How to Fix a Drug Scandal,2020,TV-MA,1 Season
The Iliza Shlesinger Sketch Show,2020,TV-MA,1 Season
Happy!,2019,TV-MA,2 Seasons
Ozark,2020,TV-MA,3 Seasons
Dino Girl Gauko,2020,TV-Y7,2 Seasons
Greenhouse Academy,2020,TV-PG,4 Seasons
Self Made: Inspired by the Life of Madam C.J. Walker,2020,TV-MA,1 Season
"Tiger King: Murder, Mayhem and Madness",2020,TV-MA,1 Season
Shaun the Sheep: Adventures from Mossy Bottom,2020,TV-Y7,1 Season
We Speak Dance,2018,TV-MA,1 Season
Ken Burns Presents: College Behind Bars: A Film by Lynn Novick and Produced by Sarah Botstein,2019,TV-MA,1 Season
100 Humans,2020,TV-14,1 Season
Kingdom,2020,TV-MA,2 Seasons
Dirty Money,2020,TV-MA,2 Seasons
On My Block,2020,TV-14,3 Seasons
Ugly Delicious,2020,TV-MA,2 Seasons
Altered Carbon,2020,TV-MA,2 Seasons
I Am Not Okay With This,2020,TV-MA,1 Season
The Trials of Gabriel Fernandez,2020,TV-MA,1 Season
Gentefied,2020,TV-MA,1 Season
DreamWorks Shrek's Swamp Stories,2008,TV-PG,1 Season
Love Is Blind,2021,TV-MA,1 Season
Narcos: Mexico,2020,TV-MA,2 Seasons
We Bare Bears,2018,TV-Y,2 Seasons
Better Call Saul,2018,TV-MA,4 Seasons
Dragons: Rescue Riders,2020,TV-Y,2 Seasons
Locke & Key,2020,TV-14,1 Season
Who Killed Malcolm X?,2020,TV-MA,1 Season
Arrow,2019,TV-14,8 Seasons
The Pharmacist,2020,TV-MA,1 Season
Team Kaylie,2020,TV-PG,3 Seasons
Miraculous: Tales of Ladybug & Cat Noir,2019,TV-Y7,5 Seasons
Shopkins,2014,TV-Y,1 Season
What the Love! with Karan Johar,2020,TV-14,1 Season
The goop lab with Gwyneth Paltrow,2020,TV-MA,1 Season
The Ranch,2020,TV-MA,8 Seasons
October Faction,2020,TV-MA,1 Season
Pandemic: How to Prevent an Outbreak,2020,TV-14,1 Season
Playing with Fire,2019,TV-MA,1 Season
DreamWorks How to Train Your Dragon Legends,2011,TV-PG,1 Season
Tiny House Nation,2019,TV-PG,2 Seasons
Killer Inside: The Mind of Aaron Hernandez,2020,TV-MA,1 Season
AJ and the Queen,2020,TV-14,1 Season
Harvey Street Kids,2020,TV-Y7,4 Seasons
Medical Police,2020,TV-MA,1 Season
Cheer,2020,TV-MA,1 Season
"Sex, Explained",2020,TV-MA,1 Season
Messiah,2020,TV-MA,1 Season
"Nisman: The Prosecutor, the President, and the Spy",2020,TV-MA,1 Season
Spinning Out,2020,TV-MA,1 Season
Rainbow Ruby,2016,TV-Y,1 Season
Kevin Hart: Don’t F**k This Up,2019,TV-MA,1 Season
You,2019,TV-MA,2 Seasons
Lost in Space,2019,TV-PG,2 Seasons
Private Practice,2012,TV-14,6 Seasons
The Witcher,2019,TV-MA,1 Season
Don't F**k with Cats: Hunting an Internet Killer,2019,TV-MA,1 Season
Soundtrack,2019,TV-MA,1 Season
Cocomong,2015,TV-Y,2 Seasons
Scooby-Doo!: Mystery Incorporated,2012,TV-Y7,2 Seasons
What's New Scooby-Doo?,2005,TV-Y7,3 Seasons
Astronomy Club: The Sketch Show,2019,TV-MA,1 Season
Fuller House,2020,TV-PG,5 Seasons
The Confession Killer,2019,TV-14,1 Season
V Wars,2019,TV-MA,1 Season
The Last O.G.,2019,TV-MA,2 Seasons
Nightflyers,2018,TV-MA,1 Season
Eastsiders,2018,TV-MA,4 Seasons
La Reina del Sur,2019,TV-MA,2 Seasons
Merry Happy Whatever,2019,TV-PG,1 Season
Dolly Parton's Heartstrings,2019,TV-14,1 Season
Nailed It! Holiday!,2019,TV-PG,2 Seasons
Narcoworld: Dope Stories,2019,TV-MA,1 Season
Singapore Social,2019,TV-MA,1 Season
The Dragon Prince,2019,TV-Y7,3 Seasons
Trolls: The Beat Goes On!,2019,TV-Y7,8 Seasons
I'm with the Band: Nasty Cherry,2019,TV-MA,1 Season
Llama Llama,2019,TV-Y,2 Seasons
The Toys That Made Us,2019,TV-14,3 Seasons
Maradona in Mexico,2020,TV-MA,1 Season
Green Eggs and Ham,2019,TV-Y7,1 Season
Sam & Cat,2014,TV-PG,2 Seasons
The Devil Next Door,2019,TV-MA,1 Season
Bella and the Bulldogs,2015,TV-G,1 Season
Victorious,2013,TV-G,3 Seasons
A Year In Space,2015,TV-PG,1 Season
Billy on the Street,2016,TV-14,4 Seasons
Queer Eye: We're in Japan!,2019,TV-14,1 Season
The Boulet Brothers Dragula,2019,TV-MA,2 Seasons
KENGAN ASHURA,2019,TV-MA,2 Seasons
Shine On with Reese,2018,TV-MA,1 Season
BoJack Horseman,2020,TV-MA,6 Seasons
Daybreak,2019,TV-MA,1 Season
"Breakfast, Lunch & Dinner",2019,TV-MA,1 Season
Spirit Riding Free: Pony Tales,2019,TV-Y7,2 Seasons
Insatiable,2019,TV-MA,2 Seasons
Rhythm + Flow,2019,TV-MA,1 Season
Raising Dion,2019,TV-PG,1 Season
Rotten,2019,TV-MA,2 Seasons
Seis Manos,2019,TV-MA,1 Season
Living Undocumented,2019,TV-MA,1 Season
Gotham,2019,TV-MA,5 Seasons
Abstract: The Art of Design,2019,TV-14,2 Seasons
Fastest Car,2019,TV-MA,2 Seasons
Inside Bill's Brain: Decoding Bill Gates,2019,TV-14,1 Season
Surviving R. Kelly,2019,TV-MA,1 Season
Unbelievable,2019,TV-MA,1 Season
The I-Land,2019,TV-MA,1 Season
"The Mind, Explained",2019,TV-14,1 Season
Moving Art,2018,TV-G,3 Seasons
The Dark Crystal: Age of Resistance,2019,TV-PG,1 Season
True and the Rainbow Kingdom,2019,TV-Y,3 Seasons
13 Reasons Why: Beyond the Reasons,2019,TV-MA,3 Seasons
Hyperdrive,2019,TV-PG,1 Season
Diagnosis,2019,TV-14,1 Season
MINDHUNTER,2019,TV-MA,2 Seasons
Cannon Busters,2019,TV-MA,1 Season
Sacred Games,2019,TV-MA,2 Seasons
Knightfall,2019,TV-MA,2 Seasons
DC Super Hero Girls,2019,TV-Y7,1 Season
GLOW,2019,TV-MA,3 Seasons
IZombie,2019,TV-MA,5 Seasons
The Family,2019,TV-14,1 Season
Jane The Virgin,2019,TV-14,5 Seasons
Wu Assassins,2019,TV-MA,1 Season
No Good Nick,2019,TV-PG,2 Seasons
Basketball or Nothing,2019,TV-PG,1 Season
Twelve Forever,2019,TV-PG,1 Season
Another Life,2019,TV-MA,1 Season
Comedians in Cars Getting Coffee,2019,TV-14,6 Seasons
The Epic Tales of Captain Underpants,2019,TV-Y7,3 Seasons
Pinky Malinky,2019,TV-Y7,3 Seasons
3Below: Tales of Arcadia,2019,TV-Y7,2 Seasons
Free Rein,2019,TV-G,3 Seasons
Stranger Things,2019,TV-14,3 Seasons
The Last Czars,2019,TV-MA,1 Season
DreamWorks Kung Fu Panda Awesome Secrets,2008,TV-PG,1 Season
Hatchimals | Adventures in Hatchtopia,2018,TV-Y,2 Seasons
Scare Tactics,2011,TV-MA,2 Seasons
Dope,2019,TV-MA,3 Seasons
Exhibit A,2019,TV-MA,1 Season
Motown Magic,2019,TV-Y,2 Seasons
Girls Incarcerated,2019,TV-MA,2 Seasons
Shooter,2018,TV-14,3 Seasons
The Confession Tapes,2019,TV-MA,2 Seasons
Awake: The Million Dollar Game,2019,TV-PG,1 Season
Girlfriends' Guide to Divorce,2019,TV-MA,5 Seasons
Marlon,2018,TV-14,2 Seasons
Marvel's Jessica Jones,2019,TV-MA,3 Seasons
Designated Survivor,2019,TV-MA,3 Seasons
Super Monsters Monster Pets,2019,TV-Y,1 Season
Tales of the City,2019,TV-MA,1 Season
Documentary Now!,2019,TV-14,3 Seasons
Malibu Rescue: The Series,2019,TV-G,1 Season
When They See Us,2019,TV-MA,1 Season
Historical Roasts,2019,TV-MA,1 Season
She's Gotta Have It,2018,TV-MA,2 Seasons
WHAT / IF,2019,TV-MA,1 Season
Prince of Peoria,2019,TV-G,2 Seasons
It's Bruno!,2019,TV-MA,1 Season
Easy,2019,TV-MA,3 Seasons
The Society,2019,TV-MA,1 Season
Tuca & Bertie,2019,TV-MA,1 Season
Ash vs. Evil Dead,2018,TV-MA,3 Seasons
Señora Acero,2018,TV-MA,5 Seasons
Chambers,2019,TV-MA,1 Season
Street Food,2019,TV-PG,1 Season
Rilakkuma and Kaoru,2019,TV-PG,1 Season
Crazy Ex-Girlfriend,2019,TV-MA,4 Seasons
Huge in France,2019,TV-MA,1 Season
New Girl,2018,TV-14,7 Seasons
You vs. Wild,2019,TV-PG,1 Season
Time: The Kalief Browder Story,2017,TV-MA,1 Season
Imposters,2017,TV-MA,2 Seasons
Our Planet,2019,TV-PG,1 Season
Roman Empire: Reign of Blood,2019,TV-MA,3 Seasons
Spirit: Riding Free,2019,TV-Y7,8 Seasons
Ultraman,2019,TV-14,1 Season
Santa Clarita Diet,2019,TV-MA,3 Seasons
Charlie's Colorforms City,2019,TV-Y,1 Season
The OA,2019,TV-MA,2 Seasons
Into the Badlands,2018,TV-MA,3 Seasons
American Crime Story: The People v. O.J. Simpson,2016,TV-MA,1 Season
Unsolved,2018,TV-MA,1 Season
Chef's Table,2019,TV-MA,6 Seasons
Barbie Dreamhouse Adventures,2018,TV-Y,3 Seasons
One Day at a Time,2019,TV-PG,3 Seasons
Littlest Pet Shop: A World of Our Own,2018,TV-Y7,2 Seasons
Russian Doll,2019,TV-MA,1 Season
Z Nation,2018,TV-MA,5 Seasons
Conversations with a Killer: The Ted Bundy Tapes,2019,TV-MA,1 Season
Marvel's The Punisher,2019,TV-MA,2 Seasons
Friends from College,2019,TV-MA,2 Seasons
A Series of Unfortunate Events,2019,TV-PG,3 Seasons
COMEDIANS of the world,2019,TV-MA,13 Seasons
Tidying Up with Marie Kondo,2019,TV-PG,1 Season
Murder Mountain,2018,TV-MA,1 Season
Stand Up and Away! with Brian Regan,2018,TV-PG,1 Season
Watership Down,2018,TV-PG,1 Season
7 Days Out,2018,TV-PG,1 Season
Ellen DeGeneres: Relatable,2018,TV-MA,1 Season
DreamWorks Holiday Classics,2011,TV-PG,1 Season
The Fix,2018,TV-MA,1 Season
The Innocent Man,2018,TV-MA,1 Season
Travelers,2018,TV-MA,3 Seasons
Voltron: Legendary Defender,2018,TV-Y7,8 Seasons
Neo Yokio,2018,TV-MA,2 Seasons
1983,2018,TV-MA,1 Season
Death by Magic,2018,TV-PG,1 Season
Spy Kids: Mission Critical,2018,TV-Y7,2 Seasons
Bumping Mics with Jeff Ross & Dave Attell,2018,TV-MA,1 Season
Minecraft: Story Mode,2015,TV-PG,1 Season
Mystery Science Theater 3000: The Return,2018,TV-14,2 Seasons
The Final Table,2018,TV-PG,1 Season
La Doña,2016,TV-14,1 Season
Silvana Sin Lana,2016,TV-14,1 Season
Medal of Honor,2018,TV-MA,1 Season
Treehouse Detectives,2018,TV-Y,2 Seasons
Westside,2018,TV-MA,1 Season
Damnation,2017,TV-MA,1 Season
Follow This,2018,TV-MA,3 Seasons
Terrorism Close Calls,2018,TV-MA,1 Season
DreamWorks Spooky Stories,2009,TV-PG,1 Season
Great News,2017,TV-14,2 Seasons
The Hollywood Masters,2017,TV-MA,3 Seasons
Best.Worst.Weekend.Ever.,2018,TV-PG,1 Season
Making a Murderer,2018,TV-14,2 Seasons
Marvel's Daredevil,2018,TV-MA,3 Seasons
The Curious Creations of Christine McConnell,2018,TV-PG,1 Season
The Haunting of Hill House,2018,TV-MA,1 Season
Sofia the First,2017,TV-Y,4 Seasons
Empire Games,2018,TV-14,1 Season
Monty Python's Personal Best,2005,TV-MA,1 Season
Hot Date,2018,TV-MA,1 Season
Strong,2016,TV-14,1 Season
Made in Mexico,2018,TV-MA,1 Season
Skylanders Academy,2018,TV-Y7,3 Seasons
Maniac,2018,TV-MA,1 Season
The Good Cop,2018,TV-14,1 Season
Transformers: Rescue Bots,2016,TV-Y7,1 Season
American Vandal,2018,TV-MA,2 Seasons
Norm Macdonald Has a Show,2018,TV-MA,1 Season
Daniel Sloss: Live Shows,2018,TV-MA,1 Season
Transformers Prime,2013,TV-Y7,1 Season
Transformers: Robots in Disguise,2016,TV-Y7,1 Season
Marvel's Iron Fist,2018,TV-MA,2 Seasons
Stretch Armstrong & the Flex Fighters,2018,TV-Y7,2 Seasons
Quantico,2018,TV-14,3 Seasons
Inside the Criminal Mind,2018,TV-MA,1 Season
The Comedy Lineup,2018,TV-MA,2 Seasons
Ultimate Beastmaster,2018,TV-PG,3 Seasons
Chicken Soup for the Soul's Being Dad,2018,TV-MA,1 Season
Stay Here,2018,TV-PG,1 Season
Afflicted,2018,TV-MA,1 Season
All About the Washingtons,2018,TV-PG,1 Season
The Originals,2018,TV-14,5 Seasons
El Chapo,2018,TV-MA,3 Seasons
Home: Adventures with Tip & Oh,2018,TV-Y7,4 Seasons
Luna Petunia: Return to Amazia,2018,TV-Y,2 Seasons
The Joel McHale Show with Joel McHale,2018,TV-MA,2 Seasons
Drug Lords,2018,TV-MA,2 Seasons
First Team: Juventus,2018,TV-PG,2 Seasons
NCIS,2017,TV-14,15 Seasons
Somewhere Between,2017,TV-14,1 Season
Kiss Me First,2018,TV-MA,1 Season
Hotel Transylvania,2017,TV-Y7,1 Season
Life Sentence,2018,TV-14,1 Season
Marvel's Luke Cage,2018,TV-MA,2 Seasons
Club de Cuervos Presents: The Ballad of Hugo Sánchez,2018,TV-MA,1 Season
The Night Shift,2017,TV-14,4 Seasons
Unbreakable Kimmy Schmidt,2019,TV-14,4 Seasons
Arrested Development,2019,TV-MA,5 Seasons
The Break with Michelle Wolf,2018,TV-MA,1 Season
Trollhunters,2018,TV-Y7,3 Seasons
Inspector Gadget,2017,TV-Y7,4 Seasons
Bill Nye Saves the World,2018,TV-14,3 Seasons
Evil Genius,2018,TV-MA,1 Season
The Who Was? Show,2018,TV-PG,1 Season
A Little Help with Carol Burnett,2018,TV-G,1 Season
Kong: King of the Apes,2018,TV-Y7,2 Seasons
The Honeymoon Stand Up Special,2018,TV-MA,1 Season
The Magic School Bus Rides Again,2018,TV-Y,2 Seasons
Troy,2018,TV-MA,1 Season
Star Trek: The Next Generation,1993,TV-PG,7 Seasons
Rapture,2018,TV-MA,1 Season
The Standups,2018,TV-MA,2 Seasons
Wild Wild Country,2018,TV-MA,1 Season
Collateral,2018,TV-MA,1 Season
Flint Town,2018,TV-MA,1 Season
Seven Seconds,2018,TV-MA,1 Season
Dragons: Race to the Edge,2018,TV-Y7,6 Seasons
Everything Sucks!,2018,TV-14,1 Season
Valor,2017,TV-14,1 Season
Coach Snoop,2018,TV-MA,1 Season
Under Arrest,2016,TV-MA,8 Seasons
The Adventures of Puss in Boots,2018,TV-Y7,6 Seasons
The Shannara Chronicles,2018,TV-MA,2 Seasons
Disjointed,2018,TV-MA,2 Seasons
Episodes,2017,TV-MA,5 Seasons
Dave Chappelle: Equanimity & The Bird Revelation,2017,TV-MA,1 Season
72 Dangerous Animals: Latin America,2017,TV-14,1 Season
Wormwood,2017,TV-14,1 Season
Halt and Catch Fire,2017,TV-14,4 Seasons
All Hail King Julien,2017,TV-Y7,5 Seasons
TURN: Washington's Spies,2017,TV-14,4 Seasons
Godless,2017,TV-MA,1 Season
Longmire,2017,TV-MA,6 Seasons
Luna Petunia,2017,TV-Y,3 Seasons
Shot in the Dark,2017,TV-MA,1 Season
Lady Dynamite,2017,TV-MA,2 Seasons
Project Mc²,2017,TV-G,6 Seasons
Beyond Stranger Things,2017,TV-14,1 Season
The Mist,2017,TV-MA,1 Season
Haters Back Off,2017,TV-PG,2 Seasons
The Day I Met El Chapo,2017,TV-MA,1 Season
West Coast Customs,2015,TV-G,6 Seasons
Equestria Girls: Tales of Canterlot High,2017,TV-Y7,1 Season
Noddy Toyland Detective,2016,TV-Y,2 Seasons
Star Trek: Enterprise,2004,TV-14,4 Seasons
Star Trek: Voyager,2000,TV-PG,7 Seasons
Real Rob,2017,TV-MA,2 Seasons
Terrace House: Aloha State,2017,TV-14,4 Seasons
VeggieTales in the City,2017,TV-Y,2 Seasons
Fire Chasers,2017,TV-MA,1 Season
No Tomorrow,2016,TV-PG,1 Season
Reign,2017,TV-14,4 Seasons
Frequency,2016,TV-14,1 Season
The Vampire Diaries,2016,TV-14,8 Seasons
High Risk,1988,TV-PG,1 Season
LEGO Elves: Secrets of Elvendale,2017,TV-Y7,1 Season
Narcos,2017,TV-MA,3 Seasons
Dinotrux,2017,TV-Y7,5 Seasons
Marvel's The Defenders,2017,TV-MA,1 Season
Wet Hot American Summer: Ten Years Later,2017,TV-MA,1 Season
Daughters of Destiny,2017,TV-14,1 Season
Ari Shaffir: Double Negative,2017,TV-MA,1 Season
Dawn of the Croods,2017,TV-Y7,4 Seasons
Barbie Life in the Dreamhouse,2012,TV-Y,1 Season
Criminal Minds,2017,TV-14,12 Seasons
Gypsy,2017,TV-MA,1 Season
Young & Hungry,2017,TV-14,5 Seasons
Pac-Man and the Ghostly Adventures,2014,TV-Y7,2 Seasons
Aquarius,2016,TV-MA,2 Seasons
World of Winx,2017,TV-Y7,2 Seasons
Flaked,2017,TV-MA,2 Seasons
Off Camera,2015,TV-MA,3 Seasons
Bloodline,2017,TV-MA,3 Seasons
The Keepers,2017,TV-MA,1 Season
Girlboss,2017,TV-MA,1 Season
Hot Girls Wanted: Turned On,2017,TV-MA,1 Season
The Mr. Peabody and Sherman Show,2017,TV-Y7,4 Seasons
The Get Down,2017,TV-MA,2 Seasons
Bottersnikes & Gumbles,2017,TV-Y7,2 Seasons
Dave Chappelle,2017,TV-MA,1 Season
Julie's Greenroom,2017,TV-Y,1 Season
Cheer Squad,2016,TV-PG,1 Season
Buddy Thunderstruck,2017,TV-Y7,1 Season
We're Lalaloopsy,2017,TV-Y,1 Season
Star Trek: Deep Space Nine,1999,TV-14,7 Seasons
Chasing Cameron,2016,TV-14,1 Season
Sense8,2018,TV-MA,2 Seasons
White Rabbit Project,2016,TV-14,1 Season
From Dusk Till Dawn,2016,TV-MA,3 Seasons
Gilmore Girls: A Year in the Life,2016,TV-14,1 Season
Containment,2016,TV-MA,1 Season
StoryBots Super Songs,2016,TV-Y,1 Season
Masha's Spooky Stories,2012,TV-Y,1 Season
Old Money,2015,TV-MA,1 Season
VeggieTales in the House,2016,TV-Y,4 Seasons
Kulipari: An Army of Frogs,2016,TV-Y7,1 Season
Forensic Files,2011,TV-MA,9 Seasons
Behind Enemy Lines,2001,TV-14,1 Season
LEGO Bionicle: The Journey to One,2016,TV-Y7,2 Seasons
Popples,2016,TV-Y,3 Seasons
Marco Polo,2016,TV-MA,2 Seasons
Cyborg 009 VS Devilman,2015,TV-MA,1 Season
Netflix Presents: The Characters,2016,TV-MA,1 Season
Cooked,2016,TV-14,1 Season
Care Bears & Cousins,2016,TV-Y,2 Seasons
Turbo FAST,2016,TV-Y7,3 Seasons
Chelsea Does,2016,TV-MA,1 Season
W/ Bob & David,2015,TV-MA,1 Season
Hemlock Grove,2015,TV-MA,3 Seasons
Wet Hot American Summer,2015,TV-MA,1 Season
Lilyhammer,2014,TV-MA,3 Seasons
The Borgias,2013,TV-MA,3 Seasons
The 4400,2007,TV-14,4 Seasons
Breaking Bad,2013,TV-MA,5 Seasons
9 Months That Made You,2016,TV-PG,1 Season
A.D. Kingdom and Empire,2015,TV-14,1 Season
Adam Ruins Everything,2018,TV-14,1 Season
America's Book of Secrets,2014,TV-14,1 Season
American Crime,2017,TV-MA,3 Seasons
American Experience: The Circus,2018,TV-PG,1 Season
American Odyssey,2015,TV-14,1 Season
Ancient Aliens,2018,TV-14,1 Season
Anthony Bourdain: Parts Unknown,2018,TV-PG,5 Seasons
Bates Motel,2017,TV-MA,5 Seasons
Battle Creek,2015,TV-14,1 Season
Being Mary Jane: The Series,2016,TV-14,4 Seasons
Ben 10,2016,TV-Y7,1 Season
Big Bad Beetleborgs,1997,TV-G,2 Seasons
Brain Games,2016,TV-G,3 Seasons
Brave Miss World,2013,TV-14,1 Season
Braxton Family Values,2014,TV-PG,2 Seasons
Brown Nation,2016,TV-14,1 Season
Camelia la Texana,2014,TV-14,1 Season
Care Bears: Welcome to Care-a-Lot,2012,TV-Y,1 Season
Cheers,1992,TV-PG,11 Seasons
Christiane Amanpour: Sex & Love Around the World,2018,TV-MA,1 Season
Cold Case Files,2017,TV-14,1 Season
Cold Case Files Classic,1999,TV-MA,1 Season
Comedy Bang! Bang!,2016,TV-14,5 Seasons
Conan Without Borders,2018,TV-14,1 Season
Cooking on High,2018,TV-MA,1 Season
Deep Undercover Collection,2017,TV-MA,3 Seasons
Dexter,2013,TV-MA,8 Seasons
Dinner for Five,2007,TV-MA,1 Season
Doomsday Preppers,2013,TV-14,1 Season
Dramaworld,2016,TV-14,1 Season
"Drugs, Inc.",2015,TV-MA,1 Season
Dueños del paraíso,2015,TV-14,1 Season
El Clon,2010,TV-14,1 Season
El Vato,2017,TV-MA,2 Seasons
Emogenius,2017,TV-PG,1 Season
Extras,2006,TV-MA,2 Seasons
Fix It and Finish It,2014,TV-G,3 Seasons
Footprints in the Sand,2011,TV-14,1 Season
For the Win,2017,TV-14,1 Season
Frasier,2003,TV-PG,11 Seasons
Friday Night Tykes,2017,TV-PG,4 Seasons
Friends,2003,TV-14,10 Seasons
Frozen Planet,2011,TV-PG,1 Season
Galavant,2016,TV-PG,2 Seasons
Get Shorty,2017,TV-MA,1 Season
Ghost Town Gold,2012,TV-14,1 Season
Goldie & Bear,2017,TV-Y,2 Seasons
Gossip Girl,2012,TV-14,6 Seasons
Hannibal,2015,TV-MA,3 Seasons
Happyish,2015,TV-MA,1 Season
Hart of Dixie,2014,TV-PG,4 Seasons
Haven,2015,TV-14,5 Seasons
Helix,2015,TV-MA,1 Season
Highway to Heaven,1988,TV-PG,5 Seasons
Hogie the Globehopper,2016,TV-Y,1 Season
Huntik: Secrets and Seekers,2011,TV-Y7,2 Seasons
I'm Sorry,2019,TV-MA,2 Seasons
Idiotest,2014,TV-PG,1 Season
Inside the Mind of a Serial Killer,2015,TV-14,1 Season
Iron Man: Armored Adventures,2011,TV-Y7,2 Seasons
Jack Taylor,2016,TV-MA,1 Season
Jeopardy!,2019,TV-G,2 Seasons
Jericho,2008,TV-14,2 Seasons
Julius Jr.,2014,TV-Y,2 Seasons
Ken Burns: The Civil War,1990,TV-14,1 Season
Ken Burns: The Roosevelts: An Intimate History,2014,TV-PG,1 Season
Ken Burns: The West,1996,TV-PG,1 Season
La Familia P. Luche,2012,TV-14,3 Seasons
La Viuda Negra,2016,TV-14,1 Season
Legends of Strength,2017,TV-PG,1 Season
Life on Location,2009,TV-G,1 Season
Liv and Maddie,2017,TV-G,4 Seasons
Mad Men,2014,TV-14,7 Seasons
Marching Orders,2018,TV-14,1 Season
Maron,2016,TV-MA,4 Seasons
Married at First Sight,2019,TV-14,1 Season
Mars,2018,TV-PG,2 Seasons
Mexico Diseña,2016,TV-PG,1 Season
Minute to Win It,2013,TV-PG,1 Season
Murderous Affairs,2017,TV-MA,3 Seasons
Mystery Science Theater 3000,1999,TV-14,1 Season
Nature: Animals With Cameras,2018,TV-PG,1 Season
NATURE: Natural Born Hustlers,2016,TV-G,1 Season
Nature's Great Events (2009),2009,TV-PG,1 Season
Nature's Great Events: Diaries,2009,TV-PG,1 Season
Nazi Mega Weapons,2016,TV-PG,3 Seasons
Ninja Turtles: The Next Mutation,1997,TV-G,1 Season
Nurse Jackie,2015,TV-MA,7 Seasons
Oliver Stone's Untold History of the United States,2013,TV-PG,1 Season
One Strange Rock,2018,TV-PG,1 Season
Origins Collection,2018,TV-PG,3 Seasons
P. King Duckling,2016,TV-Y,1 Season
Pajanimals,2011,TV-Y,1 Season
Parks and Recreation,2015,TV-14,7 Seasons
Pasión de Gavilanes,2003,TV-14,1 Season
Pawn Stars,2010,TV-14,1 Season
Pee-wee's Playhouse,1990,TV-PG,5 Seasons
Penny Dreadful,2016,TV-MA,3 Seasons
Person of Interest,2016,TV-14,5 Seasons
Pioneers of African-American Cinema,1946,TV-14,1 Season
Portlandia,2018,TV-14,8 Seasons
Power Rangers Dino Charge,2015,TV-Y7,1 Season
Power Rangers Dino Thunder,2004,TV-Y7,1 Season
Power Rangers in Space,1998,TV-Y7,1 Season
Power Rangers Jungle Fury,2008,TV-Y7,1 Season
Power Rangers Lightspeed Rescue,2000,TV-Y7,1 Season
Power Rangers Lost Galaxy,1999,TV-Y7,1 Season
Power Rangers Mystic Force,2006,TV-Y7,1 Season
Power Rangers Ninja Storm,2003,TV-Y7,1 Season
Power Rangers Operation Overdrive,2007,TV-Y7,1 Season
Power Rangers RPM,2009,TV-Y7,1 Season
Power Rangers S.P.D.,2005,TV-Y7,1 Season
Power Rangers Samurai,2011,TV-Y7,1 Season
Power Rangers Time Force,2001,TV-Y7,1 Season
Power Rangers Turbo,1997,TV-Y7,1 Season
Power Rangers Wild Force,2002,TV-Y7,1 Season
Power Rangers Zeo,1996,TV-Y7,1 Season
Power Rangers: Megaforce,2013,TV-Y7,1 Season
Prohibition: A Film by Ken Burns and Lynn Novick,2011,TV-PG,1 Season
Qué pena tu serie,2015,TV-MA,1 Season
Rectify,2016,TV-MA,4 Seasons
Red vs. Blue,2015,NR,13 Seasons
"Rica, Famosa, Latina",2016,TV-MA,4 Seasons
Robotech,1985,TV-MA,1 Season
Royal Pains,2016,TV-PG,8 Seasons
Russell Peters vs. the World,2013,NR,1 Season
Save Our Shelter,2015,TV-G,1 Season
Scandal,2018,TV-14,7 Seasons
Shaka Zulu,1986,TV-14,1 Season
Sherlock,2017,TV-14,4 Seasons
Sid the Science Kid,2008,TV-Y,1 Season
Sin senos no hay paraíso,2008,TV-14,1 Season
Sin Senos sí Hay Paraíso,2018,TV-MA,3 Seasons
Skin Wars,2016,TV-14,3 Seasons
Skin Wars: Fresh Paint,2016,TV-14,1 Season
Slobby's World,2018,TV-MA,1 Season
Space Racers,2014,TV-Y,1 Season
Spartacus,2013,TV-MA,4 Seasons
Splash and Bubbles,2018,TV-Y,2 Seasons
Star-Crossed,2014,TV-14,1 Season
Stoked,2010,TV-PG,1 Season
Storage Wars: Northern Treasures,2015,TV-MA,1 Season
Strawberry Shortcake: Berry Bitty Adventures,2015,TV-Y,1 Season
Super Wings,2020,TV-Y,3 Seasons
Surviving R. Kelly Part II: The Reckoning,2020,TV-MA,1 Season
Sym-Bionic Titan,2010,TV-PG,1 Season
Taken,2018,TV-14,2 Seasons
Tales of the City (1993),1993,TV-MA,1 Season
That '70s Show,2005,TV-14,8 Seasons
The 2000s,2018,TV-MA,1 Season
The Andy Griffith Show,1967,TV-G,8 Seasons
The Curse of Oak Island,2016,TV-PG,1 Season
The Eighties,2016,TV-PG,1 Season
The Fosters,2017,TV-14,5 Seasons
The Furchester Hotel,2015,TV-Y,2 Seasons
The Guild,2013,TV-MA,1 Season
The Jaime Maussan Show,2010,TV-PG,1 Season
The L Word,2009,TV-MA,6 Seasons
The Lizzie Borden Chronicles,2015,TV-14,1 Season
The Making of Frozen Planet,2012,TV-PG,1 Season
The Messengers,2015,TV-14,1 Season
The Mind of a Chef,2016,TV-PG,5 Seasons
The Mortified Guide,2018,TV-MA,1 Season
The Netflix Afterparty,2021,TV-MA,1 Season
The Nineties,2017,TV-14,1 Season
The Office (U.S.),2012,TV-14,9 Seasons
The Rap Game,2016,TV-14,1 Season
The Seventies,2015,TV-PG,1 Season
The Story of God with Morgan Freeman,2017,TV-14,2 Seasons
The Story of Us with Morgan Freeman,2017,TV-14,1 Season
The Super Mario Bros. Super Show!,1989,TV-Y7,1 Season
The Traffickers,2016,TV-MA,1 Season
The Tudors,2010,TV-MA,4 Seasons
The Twilight Zone (Original Series),1963,TV-14,4 Seasons
The Universe,2009,TV-14,1 Season
The Vietnam War: A Film by Ken Burns and Lynn Novick,2017,TV-MA,1 Season
The War: A Film by Ken Burns and Lynn Novick,2007,TV-14,1 Season
The West Wing,2005,TV-14,7 Seasons
Tip the Mouse,2014,TV-Y,1 Season
Top 10 Secrets and Mysteries,2018,TV-14,1 Season
Top Grier,2018,TV-MA,3 Seasons
Twin Peaks,1990,TV-14,2 Seasons
V.R. Troopers,1995,TV-G,2 Seasons
Weeds,2012,TV-MA,8 Seasons
When Calls the Heart,2017,TV-PG,5 Seasons
Winsanity,2016,TV-G,1 Season
Women Behind Bars,2010,TV-14,3 Seasons
Yo-Kai Watch,2015,TV-Y7,1 Season
Zak Storm,2016,TV-Y7,3 Seasons
